{"24": -0.11004493550994, "25": 0.0, "26": -0.375853055129259, "27": -0.102590457081743, "20": -0.11004493550994, "21": 0.0, "22": -0.11004493550994, "23": -0.373536381624423, "28": -0.412152045576744, "29": -0.0874665374629546, "1": 0.1621714668538, "3": 0.206249079867738, "2": 0.120640299796632, "5": -0.152807748935169, "4": 0.195911519355675, "7": -0.102359649165963, "6": -0.10337726392371, "9": -0.125216077801979, "8": -0.0670826916887959, "11": 0.0, "10": -0.11004493550994, "13": 0.0, "12": 0.0, "15": -0.283994893352892, "14": -0.438766699432014, "17": -0.11004493550994, "16": 0.0, "19": -0.103576491615453, "18": -0.0156942930645406, "30": 0.0}